ID_Direccion,Calle,Ciudad,Provincia,Pais
1,España 2448,San Miguel de Tucumán,Tucuman,Argentina
2,Libertad 81 ,San Isidro de Lules,Tucuman,Argentina
3,Diagonal Raúl Lechesi,Tafí Viejo,Tucumán,Argentina
4,Av. Juan Domingo Perón 1900,Yerba Buena,Tucumán,Argentina
5,Av. Brígido Terán 700,San Miguel de Tucumán,Tucumán,Argentina
6,Batalla de Chacabuco 1122,San Miguel de Tucumán,Tucumán,Argentina
7,Carlos Pellegrini 465,San Miguel de Tucumán,Tucumán,Argentina
8,Av. Ejército del norte 502,San Miguel de Tucumán,Tucumán,Argentina
9,AV. Coronel Suarez 275,San Miguel de Tucumán,Tucumán,Argentina
10,Av. Francisco de Aguirre 260,San Miguel de Tucumán,Tucumán,Argentina
11,Jujuy 1426,San Miguel de Tucumán,Tucumán,Argentina
12,Córdoba 646,San Miguel de Tucumán,Tucumán,Argentina
13,Junín 202,San Miguel de Tucumán,Tucumán,Argentina
14,Av. Manuel Belgrano 1560,San Miguel de Tucumán,Tucumán,Argentina
15,3 Esker Hill,Coté-Lai,Chaco,Argentina
16,2 Pawling Avenue,Villa Ángela,Chaco,Argentina
17,37 Buena Vista Point,Río Ceballos,Córdoba,Argentina
18,59992 Scoville Drive,Capitán Bermúdez,Santa Fe,Argentina
19,8 Graceland Plaza,Caleta Olivia,Santa Cruz,Argentina
20,09 Bartillon Hill,Bella Vista,Tucumán,Argentina
21,519 Fulton Circle,Candelaria,Misiones,Argentina
22,28404 Hansons Pass,Belén de Escobar,Buenos Aires,Argentina
23,72 Texas Park,Trelew,La Rioja,Argentina
24,623 Warner Place,Firmat,La Rioja,Argentina
25,34307 Darwin Pass,Neuquén,San Juan,Argentina
26,5805 Butterfield Lane,Tartagal,Río Negro,Argentina
27,4599 Mcguire Court,Avellaneda,Buenos Aires,Argentina
28,8081 Schurz Place,Trelew,Misiones,Argentina
29,939 North Street,Mercedes,Santa Cruz,Argentina
30,3 Lerdahl Terrace,La Francia,Río Negro,Argentina
31,84120 Dovetail Plaza,Ezeiza,Buenos Aires,Argentina
32,93642 Loomis Hill,Tres Arroyos,Córdoba,Argentina
33,9272 Sutteridge Junction,Santa Catalina - Dique Lujan,Chaco,Argentina
34,7 American Ash Circle,Costa Sacate,Córdoba,Argentina
35,12649 Tennessee Parkway,Villa Nueva,Córdoba,Argentina
36,2358 Lerdahl Lane,Gobernador Costa,Tucumán,Argentina
37,30 Village Avenue,Puerto Iguazú,Misiones,Argentina
38,31 Cardinal Alley,Chilecito,Corrientes,Argentina
39,19 Hudson Road,El Quebrachal,Buenos Aires,Argentina
40,6 Dwight Street,Morrison,Río Negro,Argentina
41,77132 Rowland Junction,Vera,Córdoba,Argentina
42,07 Anderson Point,Jardín América,Entre Ríos,Argentina
43,81 Cascade Hill,Buena Esperanza,San Luis,Argentina
44,,Guatimozín,Formosa,Argentina
45,62212 Rusk Pass,San Martín,Salta,Argentina
46,16 Fulton Court,Brea Pozo,Santiago del Estero,Argentina
47,03 Ridgeview Center,Villa Constitución,Santa Fe,Argentina
48,7810 Pierstorff Hill,Aguilares,Tucumán,Argentina
49,17 Mockingbird Hill,Villa María,Córdoba,Argentina
50,6265 Shopko Pass,San Antonio,Salta,Argentina
51,444 Iowa Point,Colegiales,Buenos Aires,Argentina
52,1 Clove Street,Embarcación,Salta,Argentina
53,763 Ridgeview Alley,Hualfín,Buenos Aires,Argentina
54,5 Southridge Hill,Chimbas,Buenos Aires,Argentina
55,949 Schmedeman Court,Cipolletti,Río Negro,Argentina
56,8317 Laurel Pass,Villa Nueva,Córdoba,Argentina
57,726 Manufacturers Street,Tres Isletas,Buenos Aires,Argentina
58,0 Lawn Way,Ituzaingó,Misiones,Argentina
59,277 Mosinee Park,San Carlos de Bariloche,Buenos Aires,Argentina
60,6555 Manufacturers Way,Puerto Iguazú,Misiones,Argentina
61,9325 Ronald Regan Drive,San Carlos de Bariloche,Río Negro,Argentina
62,8110 Kingsford Circle,Cañuelas,Buenos Aires,Argentina
63,42 Bunting Avenue,Victoria,Buenos Aires,Argentina
64,551 Dakota Pass,Tafí del Valle,Tucumán,Argentina
65,4688 Glacier Hill Street,General Roca,Río Negro,Argentina
66,66113 5th Parkway,La Puerta de San José,Chubut,Argentina
67,519 Bay Trail,Clodomira,Santiago del Estero,Argentina
68,9682 Forest Street,Hualfín,Chubut,Argentina
69,01700 Eliot Crossing,Chilecito,Córdoba,Argentina
70,621 Raven Terrace,Las Garcitas,Córdoba,Argentina
71,36 Clyde Gallagher Junction,Guatimozín,Catamarca,Argentina
72,9211 Crownhardt Circle,Santo Tomé,Catamarca,Argentina
73,6474 Trailsway Drive,Leones,Catamarca,Argentina
74,243 Hagan Trail,Victoria,Córdoba,Argentina
75,13242 Moulton Terrace,Clodomira,Santiago del Estero,Argentina
76,980 Trailsway Point,Las Lajas,Córdoba,Argentina
77,08 Karstens Street,San Jorge,Buenos Aires,Argentina
78,9080 Oriole Road,Vicuña Mackenna,Misiones,Argentina
79,41726 Golf Course Drive,Puerto Esperanza,Córdoba,Argentina
80,3 Twin Pines Way,Venado Tuerto,Córdoba,Argentina
81,27 Kennedy Pass,Villa La Angostura,Neuquén,Argentina
82,33154 Morrow Park,Cruz Alta,Catamarca,Argentina
83,48 Sugar Pass,Quilino,San Luis,Argentina
84,8 Hovde Parkway,Firmat,Córdoba,Argentina
85,29785 Del Mar Parkway,Garupá,Córdoba,Argentina
86,66 Gina Park,Río Colorado,Chaco,Argentina
87,29956 Corben Junction,San Agustín de Valle Fértil,Mendoza,Argentina
88,39 Bartillon Hill,Tinogasta,Neuquén,Argentina
89,51986 Bashford Point,Venado Tuerto,Córdoba,Argentina
90,4451 Anthes Court,Diamante,Buenos Aires,Argentina
91,32 Glendale Street,Villa Lugano,Catamarca,Argentina
92,12 American Place,Necochea,Buenos Aires,Argentina
93,118 Clove Road,Cipolletti,Chaco,Argentina
94,2 Starling Center,Rawson,Río Negro,Argentina
95,,Quilmes,Buenos Aires,Argentina
96,7 Katie Lane,Gualeguaychú,Entre Ríos,Argentina
97,4 Marcy Circle,Daireaux,Buenos Aires,Argentina
98,33430 6th Drive,Londres,Córdoba,Argentina
99,965 Towne Road,Naschel,Buenos Aires,Argentina
100,74 Weeping Birch Terrace,Mainque,Salta,Argentina
101,814 Shoshone Court,Comandante Luis Piedra Buena,Córdoba,Argentina
102,6 Meadow Ridge Court,Villa María,Córdoba,Argentina
103,,La Falda,Córdoba,Argentina
104,62 Spaight Parkway,Colonia Wanda,San Luis,Argentina
105,8 Straubel Plaza,Curuzú Cuatiá,Neuquén,Argentina
106,,Pico Truncado,Santa Cruz,Argentina
107,9 Sullivan Way,Sunchales,Catamarca,Argentina
108,75719 Artisan Avenue,Samuhú,Santa Cruz,Argentina
109,7571 Park Meadow Terrace,Gobernador Costa,Misiones,Argentina
110,20 Graedel Way,Laboulaye,Misiones,Argentina
111,0 American Way,Darwin,Córdoba,Argentina
112,352 Dexter Parkway,Tostado,Chaco,Argentina
113,11 Lerdahl Point,Las Heras,Chubut,Argentina
114,3 Monica Court,General Belgrano,Chubut,Argentina
115,40517 Northview Circle,Rufino,Jujuy,Argentina
116,3 Ruskin Terrace,Tostado,Río Negro,Argentina
117,16859 Upham Center,Rawson,Córdoba,Argentina
118,2 Loeprich Junction,Victoria,Chubut,Argentina
119,98 Stoughton Trail,Tres Arroyos,Santa Fe,Argentina
120,33 Karstens Terrace,Lanús,Buenos Aires,Argentina
121,954 Bluejay Alley,Coronel Belisle,Chaco,Argentina
122,5632 Pearson Park,Alejandro Roca,Córdoba,Argentina
123,21 Vidon Lane,Villa General Belgrano,Córdoba,Argentina
124,3 Northport Pass,Villaguay,Entre Ríos,Argentina
125,49 Morrow Drive,Río Pico,San Juan,Argentina
126,67 Lakewood Plaza,Villa Nueva,Córdoba,Argentina
127,6 Monument Hill,El Colorado,Río Negro,Argentina
128,317 Aberg Lane,Huanchillas,Río Negro,Argentina
129,43 Onsgard Place,Molinos,Santa Fe,Argentina
130,293 Vermont Drive,Deán Funes,Buenos Aires,Argentina
131,716 Holmberg Drive,Tres Isletas,Buenos Aires,Argentina
132,12 International Plaza,General Levalle,Buenos Aires,Argentina
133,197 Hauk Park,Aranguren,Entre Ríos,Argentina
134,225 Lakewood Plaza,Bandera,Santiago del Estero,Argentina
135,2499 Arapahoe Plaza,Totoras,Santa Fe,Argentina
136,503 Green Ridge Alley,Quitilipi,Santa Fe,Argentina
137,455 Iowa Circle,Buena Esperanza,San Luis,Argentina
138,74561 Kedzie Center,Marcos Juárez,Salta,Argentina
139,29661 Judy Court,San Pedro,Catamarca,Argentina
140,81580 Comanche Terrace,Hualfín,Santa Fe,Argentina
141,4 East Street,Bella Vista,Tucumán,Argentina
142,12824 Graceland Crossing,Villa La Angostura,Neuquén,Argentina
143,35242 School Plaza,Maipú,Santa Fe,Argentina
144,4 Sage Avenue,Lanús,Buenos Aires,Argentina
145,03981 Bashford Center,Río Cuarto,Santa Fe,Argentina
146,9 Bluestem Way,Colegiales,Buenos Aires,Argentina
147,93 Marcy Park,Puerto Deseado,Chubut,Argentina
148,,Villa Ojo de Agua,Santiago del Estero,Argentina
149,9 Bartelt Point,Corralito,Chubut,Argentina
150,74 Lillian Park,Isla Verde,Buenos Aires,Argentina
151,0 Debra Alley,La Francia,Buenos Aires,Argentina
152,05358 Donald Way,Corzuela,Chaco,Argentina
153,,Viedma,Río Negro,Argentina
154,878 Carberry Parkway,Machagai,Chaco,Argentina
155,12 Fuller Parkway,Capayán,Catamarca,Argentina
156,,Firmat,La Rioja,Argentina
157,8883 Ryan Trail,Charata,Chaco,Argentina
158,99 Cascade Center,Lincoln,Santa Fe,Argentina
159,43558 Pennsylvania Street,Berón de Astrada,Corrientes,Argentina
160,64 Rutledge Street,Necochea,Buenos AIres,Argentina
161,501 Lien Hill,El Quebrachal,Santa Fe,Argentina
162,4551 Hanson Court,Rinconada,Santa Fe,Argentina
163,7094 Magdeline Center,La Punta,Entre Ríos,Argentina
164,098 Algoma Lane,Arroyo Seco,Santa Fe,Argentina
165,21207 Glacier Hill Circle,Río Ceballos,Córdoba,Argentina
166,09 Express Court,Puerta de Corral Quemado,Entre Ríos,Argentina
167,,Jesús María,Córdoba,Argentina
168,1825 Burrows Center,Arauco,Córdoba,Argentina
169,1 David Avenue,Puerto Esperanza,Entre Ríos,Argentina
170,9310 Armistice Parkway,Jesús María,Córdoba,Argentina
171,976 Chive Point,Ulapes,Córdoba,Argentina
172,75 Claremont Circle,Laborde,Buenos Aires,Argentina