Calle;Ciudad;Provincia;Pais
3 Esker Hill;Coté-Lai;Chaco;Argentina
2 Pawling Avenue;Villa Ángela;Chaco;Argentina
37 Buena Vista Point;Río Ceballos;Córdoba;Argentina
59992 Scoville Drive;Capitán Bermúdez;Santa Fe;Argentina
8 Graceland Plaza;Caleta Olivia;Santa Cruz;Argentina
09 Bartillon Hill;Bella Vista;Tucumán;Argentina
519 Fulton Circle;Candelaria;Misiones;Argentina
28404 Hansons Pass;Belén de Escobar;Buenos Aires;Argentina
31 Cardinal Alley;Chilecito;La Rioja;Argentina
01700 Eliot Crossing;Chilecito;La Rioja;Argentina
5 Southridge Hill;Chimbas;San Juan;Argentina
118 Clove Road;Cipolletti;Río Negro;Argentina
4599 Mcguire Court;Avellaneda;Buenos Aires;Argentina
62 Spaight Parkway;Colonia Wanda;Misiones;Argentina
814 Shoshone Court;Comandante Luis Piedra Buena;Santa Cruz;Argentina
954 Bluejay Alley;Coronel Belisle;Río Negro;Argentina
84120 Dovetail Plaza;Ezeiza;Buenos Aires;Argentina
9 Bartelt Point;Corralito;Córdoba;Argentina
05358 Donald Way;Corzuela;Chaco;Argentina
7 American Ash Circle;Costa Sacate;Córdoba;Argentina
12649 Tennessee Parkway;Villa Nueva;Córdoba;Argentina
33154 Morrow Park;Cruz Alta;Tucumán;Argentina
30 Village Avenue;Puerto Iguazú;Misiones;Argentina
8 Straubel Plaza;Curuzú Cuatiá;Corrientes;Argentina
4 Marcy Circle;Daireaux;Buenos Aires;Argentina
0 American Way;Darwin;Río Negro;Argentina
293 Vermont Drive;Deán Funes;Córdoba;Argentina
4451 Anthes Court;Diamante;Entre Ríos;Argentina
81 Cascade Hill;Buena Esperanza;San Luis;Argentina
6 Monument Hill;El Colorado;Formosa;Argentina
19 Hudson Road;El Quebrachal;Salta;Argentina
16 Fulton Court;Brea Pozo;Santiago del Estero;Argentina
03 Ridgeview Center;Villa Constitución;Santa Fe;Argentina
7810 Pierstorff Hill;Aguilares;Tucumán;Argentina
17 Mockingbird Hill;Villa María;Córdoba;Argentina
501 Lien Hill;El Quebrachal;Salta;Argentina
444 Iowa Point;Colegiales;Buenos Aires;Argentina
1 Clove Street;Embarcación;Salta;Argentina
623 Warner Place;Firmat;Buenos Aires;Argentina
8 Hovde Parkway;Firmat;Buenos Aires;Argentina
949 Schmedeman Court;Cipolletti;Río Negro;Argentina
8317 Laurel Pass;Villa Nueva;Córdoba;Argentina
641961 Donald Way;Firmat;Buenos Aires;Argentina
29785 Del Mar Parkway;Garupá;Misiones;Argentina
3 Monica Court;General Belgrano;Buenos Aires;Argentina
6555 Manufacturers Way;Puerto Iguazú;Misiones;Argentina
9325 Ronald Regan Drive;San Carlos de Bariloche;Río Negro;Argentina
8110 Kingsford Circle;Cañuelas;Buenos Aires;Argentina
12 International Plaza;General Levalle;Buenos Aires;Argentina
551 Dakota Pass;Tafí del Valle;Tucumán;Argentina
4688 Glacier Hill Street;General Roca;Río Negro;Argentina
2358 Lerdahl Lane;Gobernador Costa;Chubut;Argentina
519 Bay Trail;Clodomira;Santiago del Estero;Argentina
7571 Park Meadow Terrace;Gobernador Costa;Chubut;Argentina
21 International Plaza;Guatimozín;Córdoba;Argentina
36 Clyde Gallagher Junction;Guatimozín;Córdoba;Argentina
763 Ridgeview Alley;Hualfín;Catamarca;Argentina
9682 Forest Street;Hualfín;Catamarca;Argentina
81580 Comanche Terrace;Hualfín;Catamarca;Argentina
317 Aberg Lane;Huanchillas;Córdoba;Argentina
13242 Moulton Terrace;Clodomira;Santiago del Estero;Argentina
74 Lillian Park;Isla Verde;Córdoba;Argentina
0 Lawn Way;Ituzaingó;Buenos Aires;Argentina
07 Anderson Point;Jardín América;Misiones;Argentina
3 Lerdahl Terrace;La Francia;Córdoba;Argentina
0 Debra Alley;La Francia;Córdoba;Argentina
27 Kennedy Pass;Villa La Angostura;Neuquén;Argentina
66113 5th Parkway;La Puerta de San José;Catamarca;Argentina
7094 Magdeline Center;La Punta;San Luis;Argentina
75 Claremont Circle;Laborde;Córdoba;Argentina
20 Graedel Way;Laboulaye;Córdoba;Argentina
621 Raven Terrace;Las Garcitas;Chaco;Argentina
11 Lerdahl Point;Las Heras;Mendoza;Argentina
980 Trailsway Point;Las Lajas;Neuquén;Argentina
6474 Trailsway Drive;Leones;Córdoba;Argentina
99 Cascade Center;Lincoln;Buenos Aires;Argentina
33430 6th Drive;Londres;Catamarca;Argentina
12 American Place;Necochea;Buenos Aires;Argentina
878 Carberry Parkway;Machagai;Chaco;Argentina
74 Weeping Birch Terrace;Mainque;Río Negro;Argentina
054 Debra Pass;Quilmes;Buenos Aires;Argentina
7 Katie Lane;Gualeguaychú;Entre Ríos;Argentina
35242 School Plaza;Maipú;Buenos Aires;Argentina
74561 Kedzie Center;Marcos Juárez;Córdoba;Argentina
939 North Street;Mercedes;Buenos Aires;Argentina
43 Onsgard Place;Molinos;Salta;Argentina
6 Dwight Street;Morrison;Córdoba;Argentina
6 Meadow Ridge Court;Villa María;Córdoba;Argentina
068 Onsgard Street;La Falda;Córdoba;Argentina
965 Towne Road;Naschel;San Luis;Argentina
34307 Darwin Pass;Neuquén;Neuquén;Argentina
054 Towne Pass;Pico Truncado;Santa Cruz;Argentina
09 Express Court;Puerta de Corral Quemado;Catamarca;Argentina
93 Marcy Park;Puerto Deseado;Santa Cruz;Argentina
41726 Golf Course Drive;Puerto Esperanza;Misiones;Argentina
1 David Avenue;Puerto Esperanza;Misiones;Argentina
48 Sugar Pass;Quilino;Córdoba;Argentina
503 Green Ridge Alley;Quitilipi;Chaco;Argentina
2 Starling Center;Rawson;Chubut;Argentina
16859 Upham Center;Rawson;Chubut;Argentina
4551 Hanson Court;Rinconada;Jujuy;Argentina
66 Gina Park;Río Colorado;Río Negro;Argentina
03981 Bashford Center;Río Cuarto;Córdoba;Argentina
49 Morrow Drive;Río Pico;Chubut;Argentina
40517 Northview Circle;Rufino;Santa Fe;Argentina
33 Karstens Terrace;Lanús;Buenos Aires;Argentina
75719 Artisan Avenue;Samuhú;Chaco;Argentina
5632 Pearson Park;Alejandro Roca;Córdoba;Argentina
21 Vidon Lane;Villa General Belgrano;Córdoba;Argentina
3 Northport Pass;Villaguay;Entre Ríos;Argentina
29956 Corben Junction;San Agustín de Valle Fértil;San Juan;Argentina
67 Lakewood Plaza;Villa Nueva;Córdoba;Argentina
6265 Shopko Pass;San Antonio;Río Negro;Argentina
277 Mosinee Park;San Carlos de Bariloche;Río Negro;Argentina
08 Karstens Street;San Jorge;Santa Fe;Argentina
62212 Rusk Pass;San Martín;Buenos Aires;Argentina
29661 Judy Court;San Pedro;Buenos Aires;Argentina
9272 Sutteridge Junction;Santa Catalina - Dique Lujan;Buenos Aires;Argentina
197 Hauk Park;Aranguren;Entre Ríos;Argentina
225 Lakewood Plaza;Bandera;Santiago del Estero;Argentina
9211 Crownhardt Circle;Santo Tomé;Santa Fe;Argentina
9 Sullivan Way;Sunchales;Santa Fe;Argentina
455 Iowa Circle;Buena Esperanza;San Luis;Argentina
5805 Butterfield Lane;Tartagal;Salta;Argentina
39 Bartillon Hill;Tinogasta;Catamarca;Argentina
352 Dexter Parkway;Tostado;Santa Fe;Argentina
4 East Street;Bella Vista;Tucumán;Argentina
12824 Graceland Crossing;Villa La Angostura;Neuquén;Argentina
3 Ruskin Terrace;Tostado;Santa Fe;Argentina
4 Sage Avenue;Lanús;Buenos Aires;Argentina
2499 Arapahoe Plaza;Totoras;Santa Fe;Argentina
9 Bluestem Way;Colegiales;Buenos Aires;Argentina
72 Texas Park;Trelew;Chubut;Argentina
8916 Arapahoe Plaza;Villa Ojo de Agua;Santiago del Estero;Argentina
8081 Schurz Place;Trelew;Chubut;Argentina
93642 Loomis Hill;Tres Arroyos;Buenos Aires;Argentina
98 Stoughton Trail;Tres Arroyos;Buenos Aires;Argentina
726 Manufacturers Street;Tres Isletas;Chaco;Argentina
87 Rutledge Drive;Viedma;Río Negro;Argentina
716 Holmberg Drive;Tres Isletas;Chaco;Argentina
12 Fuller Parkway;Capayán;Catamarca;Argentina
976 Chive Point;Ulapes;La Rioja;Argentina
8883 Ryan Trail;Charata;Chaco;Argentina
3 Twin Pines Way;Venado Tuerto;Santa Fe;Argentina
43558 Pennsylvania Street;Berón de Astrada;Corrientes;Argentina
64 Rutledge Street;Necochea;Buenos AIres;Argentina
51986 Bashford Point;Venado Tuerto;Santa Fe;Argentina
77132 Rowland Junction;Vera;Santa Fe;Argentina
42 Bunting Avenue;Victoria;Entre Ríos;Argentina
098 Algoma Lane;Arroyo Seco;Santa Fe;Argentina
21207 Glacier Hill Circle;Río Ceballos;Córdoba;Argentina
243 Hagan Trail;Victoria;Entre Ríos;Argentina
504 Algoma Drive;Jesús María;Córdoba;Argentina
1825 Burrows Center;Arauco;Córdoba;Argentina
2 Loeprich Junction;Victoria;Entre Ríos;Argentina
9310 Armistice Parkway;Jesús María;Córdoba;Argentina
9080 Oriole Road;Vicuña Mackenna;Córdoba;Argentina
32 Glendale Street;Villa Lugano;Buenos Aires;Argentina
